{
  "label": "stratified",
  "dataset": "anuraset",
  "strata_mode": "spatial",
  "metric": "F1 (macro)",
  "n_samples": 20,
  "num_epochs": 25,
  "strata": [
    "INCT20955",
    "INCT4",
    "INCT41",
    "INCT17"
  ],
  "strata_mean": [
    0.49976420402526855,
    0.344905287027359,
    0.4147447645664215,
    0.4241907000541687
  ],
  "strata_var": [
    0.026143532246351242,
    0.025349590927362442,
    0.00837702490389347,
    0.022872358560562134
  ],
  "selected_counts": {
    "INCT20955": 125,
    "INCT4": 125,
    "INCT41": 125,
    "INCT17": 125
  }
}