{
  "label": "binary",
  "dataset": "wabad",
  "strata_mode": "spatial",
  "metric": "F1 (macro)",
  "n_samples": 50,
  "num_epochs": 10,
  "strata": [
    "HAG",
    "KAR",
    "SITH",
    "BIAL",
    "EVROS",
    "SCHG",
    "POZO",
    "OLIV",
    "HONDO",
    "SLOB",
    "CAT",
    "CLH",
    "MONTEB",
    "SCHF",
    "PINA",
    "NAV",
    "GLEN",
    "MOPU",
    "VIL",
    "MARTI",
    "PITI",
    "DYOM",
    "JUNCA",
    "MILLAN",
    "HAR",
    "COU"
  ],
  "strata_mean": [
    0.14692556858062744,
    0.18108323216438293,
    0.245763897895813,
    0.3281380534172058,
    0.20945124328136444,
    0.20813119411468506,
    0.07914011180400848,
    0.1948399394750595,
    0.1289001703262329,
    0.32643821835517883,
    0.4003570079803467,
    0.3577232360839844,
    0.06371431052684784,
    0.3492901027202606,
    0.16217496991157532,
    0.23124727606773376,
    0.24219878017902374,
    0.1659601628780365,
    0.1841360330581665,
    0.08157535642385483,
    0.17359884083271027,
    0.27252358198165894,
    0.20454704761505127,
    0.19066394865512848,
    0.34926027059555054,
    0.27143988013267517
  ],
  "strata_var": [
    0.013667350634932518,
    0.033172961324453354,
    0.048938822001218796,
    0.024422330781817436,
    0.034830693155527115,
    0.014471330679953098,
    0.007257932331413031,
    0.01124393567442894,
    0.02185792475938797,
    0.06092238426208496,
    0.08519639074802399,
    0.060835495591163635,
    0.016171641647815704,
    0.04620526358485222,
    0.031292349100112915,
    0.03296533226966858,
    0.042488500475883484,
    0.019892528653144836,
    0.01820448599755764,
    0.039304062724113464,
    0.024465717375278473,
    0.018019765615463257,
    0.030733605846762657,
    0.05736706405878067,
    0.023827116936445236,
    0.028991198167204857
  ],
  "selected_counts": {
    "HAG": 114,
    "KAR": 39,
    "SITH": 18,
    "BIAL": 82,
    "EVROS": 5,
    "SCHG": 26,
    "POZO": 2,
    "OLIV": 0,
    "HONDO": 6,
    "SLOB": 25,
    "CAT": 47,
    "CLH": 20,
    "MONTEB": 1,
    "SCHF": 12,
    "PINA": 16,
    "NAV": 14,
    "GLEN": 5,
    "MOPU": 7,
    "VIL": 1,
    "MARTI": 1,
    "PITI": 10,
    "DYOM": 39,
    "JUNCA": 2,
    "MILLAN": 4,
    "HAR": 3,
    "COU": 1
  }
}