{
  "label": "cluster",
  "dataset": "wabad",
  "strata_mode": "spatial",
  "metric": "F1 (macro)",
  "n_samples": 50,
  "num_epochs": 10,
  "strata": [
    "HAG",
    "KAR",
    "SITH",
    "BIAL",
    "EVROS",
    "SCHG",
    "POZO",
    "OLIV",
    "HONDO",
    "SLOB",
    "CAT",
    "CLH",
    "MONTEB",
    "SCHF",
    "PINA",
    "NAV",
    "GLEN",
    "MOPU",
    "VIL",
    "MARTI",
    "PITI",
    "DYOM",
    "JUNCA",
    "MILLAN",
    "HAR",
    "COU"
  ],
  "strata_mean": [
    0.1830368936061859,
    0.1718851774930954,
    0.30618950724601746,
    0.3153921067714691,
    0.2798423171043396,
    0.2566586434841156,
    0.1485147327184677,
    0.2676841914653778,
    0.21757309138774872,
    0.37047308683395386,
    0.3967023491859436,
    0.3827584683895111,
    0.14475975930690765,
    0.38837170600891113,
    0.19572988152503967,
    0.24784667789936066,
    0.26079025864601135,
    0.2020733654499054,
    0.22621794044971466,
    0.12005577236413956,
    0.2472306489944458,
    0.2713632881641388,
    0.3140753209590912,
    0.21071067452430725,
    0.3829844892024994,
    0.2921167314052582
  ],
  "strata_var": [
    0.011749922297894955,
    0.012603238224983215,
    0.014088308438658714,
    0.012930227443575859,
    0.023425297811627388,
    0.017145585268735886,
    0.014119312167167664,
    0.0361294150352478,
    0.030037643387913704,
    0.01947501301765442,
    0.03336343914270401,
    0.04031211882829666,
    0.014088020659983158,
    0.02301584742963314,
    0.011192360892891884,
    0.01830446720123291,
    0.0029221721924841404,
    0.008536426350474358,
    0.037516187876462936,
    0.01661442592740059,
    0.014821987599134445,
    0.020158810541033745,
    0.05234359949827194,
    0.035561297088861465,
    0.034269075840711594,
    0.02039080113172531
  ],
  "selected_counts": {
    "HAG": 60,
    "KAR": 26,
    "SITH": 24,
    "BIAL": 38,
    "EVROS": 29,
    "SCHG": 19,
    "POZO": 21,
    "OLIV": 18,
    "HONDO": 23,
    "SLOB": 16,
    "CAT": 8,
    "CLH": 13,
    "MONTEB": 17,
    "SCHF": 7,
    "PINA": 18,
    "NAV": 7,
    "GLEN": 13,
    "MOPU": 28,
    "VIL": 21,
    "MARTI": 13,
    "PITI": 20,
    "DYOM": 11,
    "JUNCA": 9,
    "MILLAN": 5,
    "HAR": 9,
    "COU": 4
  }
}