{
  "label": "cluster",
  "dataset": "wabad",
  "strata_mode": "spatial",
  "metric": "F1 (macro)",
  "n_samples": 50,
  "num_epochs": 10,
  "strata": [
    "HAG",
    "KAR",
    "SITH",
    "BIAL",
    "EVROS",
    "SCHG",
    "POZO",
    "OLIV",
    "HONDO",
    "SLOB",
    "CAT",
    "CLH",
    "MONTEB",
    "SCHF",
    "PINA",
    "NAV",
    "GLEN",
    "MOPU",
    "VIL",
    "MARTI",
    "PITI",
    "DYOM",
    "JUNCA",
    "MILLAN",
    "HAR",
    "COU"
  ],
  "strata_mean": [
    0.1554030179977417,
    0.19615839421749115,
    0.2817178964614868,
    0.2673041522502899,
    0.2561177611351013,
    0.21664729714393616,
    0.10835399478673935,
    0.20574471354484558,
    0.2206285297870636,
    0.3199721872806549,
    0.3773907721042633,
    0.37844276428222656,
    0.09179636090993881,
    0.3259289264678955,
    0.15749186277389526,
    0.20479747653007507,
    0.2421693354845047,
    0.1913999319076538,
    0.20554235577583313,
    0.1274658739566803,
    0.22234873473644257,
    0.24639542400836945,
    0.29215487837791443,
    0.25122204422950745,
    0.37056684494018555,
    0.22962340712547302
  ],
  "strata_var": [
    0.004780557006597519,
    0.011414704844355583,
    0.01681923307478428,
    0.014541160315275192,
    0.01797911524772644,
    0.019629033282399178,
    0.011197836138308048,
    0.026935644447803497,
    0.011426267214119434,
    0.04387108236551285,
    0.012672697193920612,
    0.030023593455553055,
    0.02016138844192028,
    0.03908832371234894,
    0.010178604163229465,
    0.015152453444898129,
    0.016293028369545937,
    0.00938147958368063,
    0.01924244500696659,
    0.023709606379270554,
    0.014118864201009274,
    0.010620149783790112,
    0.02601718157529831,
    0.08694889396429062,
    0.07076937705278397,
    0.009668679907917976
  ],
  "selected_counts": {
    "HAG": 47,
    "KAR": 35,
    "SITH": 33,
    "BIAL": 28,
    "EVROS": 26,
    "SCHG": 10,
    "POZO": 11,
    "OLIV": 16,
    "HONDO": 27,
    "SLOB": 12,
    "CAT": 9,
    "CLH": 17,
    "MONTEB": 10,
    "SCHF": 9,
    "PINA": 16,
    "NAV": 8,
    "GLEN": 12,
    "MOPU": 20,
    "VIL": 18,
    "MARTI": 12,
    "PITI": 17,
    "DYOM": 14,
    "JUNCA": 11,
    "MILLAN": 6,
    "HAR": 4,
    "COU": 3
  }
}