{
  "label": "stratified",
  "dataset": "wabad",
  "strata_mode": "spatial",
  "metric": "F1 (macro)",
  "n_samples": 50,
  "num_epochs": 10,
  "strata": [
    "HAG",
    "KAR",
    "SITH",
    "BIAL",
    "EVROS",
    "SCHG",
    "POZO",
    "OLIV",
    "HONDO",
    "SLOB",
    "CAT",
    "CLH",
    "MONTEB",
    "SCHF",
    "PINA",
    "NAV",
    "GLEN",
    "MOPU",
    "VIL",
    "MARTI",
    "PITI",
    "DYOM",
    "JUNCA",
    "MILLAN",
    "HAR",
    "COU"
  ],
  "strata_mean": [
    0.12662632763385773,
    0.14178535342216492,
    0.169145405292511,
    0.18553616106510162,
    0.22096848487854004,
    0.190359428524971,
    0.1033850684762001,
    0.15903377532958984,
    0.09890922158956528,
    0.21269789338111877,
    0.2813413143157959,
    0.27037763595581055,
    0.09425335377454758,
    0.24907882511615753,
    0.11281564086675644,
    0.14699597656726837,
    0.19312772154808044,
    0.14583030343055725,
    0.17227134108543396,
    0.1040528193116188,
    0.14290130138397217,
    0.2246398627758026,
    0.2859792113304138,
    0.1926475465297699,
    0.3385156989097595,
    0.20050494372844696
  ],
  "strata_var": [
    0.0126109067350626,
    0.016150236129760742,
    0.015979589894413948,
    0.03414221480488777,
    0.021764369681477547,
    0.02363990619778633,
    0.01101675070822239,
    0.03417189046740532,
    0.02365569956600666,
    0.05001874268054962,
    0.047467369586229324,
    0.04501918703317642,
    0.008455823175609112,
    0.019913727417588234,
    0.01028919592499733,
    0.011861470527946949,
    0.034013062715530396,
    0.01966305822134018,
    0.018667904660105705,
    0.023090451955795288,
    0.01986856758594513,
    0.014042136259377003,
    0.046029478311538696,
    0.027998456731438637,
    0.02545708231627941,
    0.039671640843153
  ],
  "selected_counts": {
    "HAG": 8,
    "KAR": 9,
    "SITH": 7,
    "BIAL": 8,
    "EVROS": 8,
    "SCHG": 8,
    "POZO": 8,
    "OLIV": 8,
    "HONDO": 8,
    "SLOB": 7,
    "CAT": 7,
    "CLH": 9,
    "MONTEB": 8,
    "SCHF": 9,
    "PINA": 7,
    "NAV": 8,
    "GLEN": 10,
    "MOPU": 6,
    "VIL": 5,
    "MARTI": 9,
    "PITI": 9,
    "DYOM": 7,
    "JUNCA": 6,
    "MILLAN": 7,
    "HAR": 7,
    "COU": 7
  }
}